Arab Male,Weight,Arab Female,Weight,Arab Unisex,Weight,Arab Surname,Weight,Israeli Male,Weight,Israeli Female,Weight,Israeli Unisex,Weight,Israeli Surname,Weight,Iranian Male,Weight,Iranian Female,Weight,Iranian Unisex,Weight,Iranian Surname,Weight,Turk Male,Weight,Turk Female,Weight,Turk Unisex,Weight,Turk Surname,Weight
Zayn,1,Aaliyah,1,Zain,1,Rajab,1,Yosef,1,Rachel,1,Daniyel,1,Cohen,1,Mohammad,1,Fatemeh,1,Seyyed,1,Mohammadi,1,Mehmet,1,Fatma,1,Sultan,1,Yılmaz,1
Muhammad,1,Akilah,1,Ilhan,1,Bilal,1,David,1,Ester,1,Tal,1,Levy,1,Ali,1,Zahra,1,Somayeh,1,Hosseini,1,Mustafa,1,Ayşe,1,Yaşar,1,Kaya,1
Idris,1,Djamila,1,Dara,1,Hashim,1,Moshe,1,Sarah,1,Adiy,1,Mizrahi,1,Hossein,1,Masoumeh,1,Elham,1,Ahmadi,1,Ahmet,1,Emine,1,Derya,1,Demir,1
Hamza,1,Elham,1,Isa,1,Ebeid,1,Avraham,1,Miriam,1,Tamar,1,Peretz,1,Mahdi,1,Leila,1,Rasool,1,Ali,1,Ali,1,Hatice,1,Ayhan,1,Çelik,1
Malik,1,Farah,1,Nour,1,Habib,1,Yaakv,1,Chanah,1,Liyor,1,Bitton,1,Reza,1,Zeynab,1,Ehsan,1,Moradi,1,Hasan,1,Zeynep,1,Yüksel,1,Şahin,1
Samir,1,Fatima,1,Ula,1,Qureshi,1,Muhammad,1,Rebecca,1,Shay,1,Dahan,1,Hassan,1,Marzieh,1,Narges,1,Heydari,1,Hüseyin,1,Elif,1,Ismet,1,Yıldız,1
Zayd,1,Gamila,1,Fuzail,1,Aziz,1,Isaac,1,Miykhal,1,Uriy,1,Agbaria,1,Ahmad,1,Seyyedeh,1,Omid,1,Karimi,1,Ibrahim,1,Meryem,1,Ümit,1,Yıldırım,1
Rayan,1,Ishtar,1,Aamirah,1,Irfan,1,Miykhael,1,Yael,1,Omer,1,Avraham,1,Saeed,1,Rogheyeh,1,Rooh,1,Mousavi,1,Murat,1,Özlem,1,Dursun,1,Öztürk,1
Rafi,1,Jamila,1,Dina,1,Mughrabi,1,Haim,1,Leah,1,Yuval,1,Friedman,1,Alireza,1,Sakineh,1,Soheila,1,Jafari,1,Ismail,1,Nonhlanhla,1,Deniz,1,Aydın,1
Mustafa,1,Kamaria,1,Farwah,1,Ibrahim,1,Shlomo,1,Shoshanah,1,Amiyt,1,Katz,1,Mohsen,1,Khadijeh,1,Hojjat,1,Mohammad,1,Ömer,1,Hülya,1,Muzaffer,1,Özdemir,1
Omar,1,Khadija,1,Imaan,1,Abadi,1,Aleksander,1,Rut,1,Noam,1,Yosef,1,Hamid,1,Tahereh,1,Nahid,1,Pour,1,Osman,1,Yasemin,1,Canan,1,Arslan,1
Amir,1,Layla,1,Zaha,1,Kassab,1,Ahmad,1,Chayah,1,Sharon,1,Omer,1,Amir,1,Zohreh,1,Samaneh,1,Ghasemi,1,Ramazan,1,Sevim,1,Hikmet,1,Doğan,1
Zahir,1,Lina,1,Azize,1,Osman,1,Samuel,1,Anah,1,Or,1,Mhamid,1,Majid,1,Kobra,1,Vale,1,Rahimi,1,Halil,1,Margaret,1,Özgür,1,Kılıç,1
Shaquille,1,Malika,1,Badr,1,Jameel,1,Eliyahu,1,Yhudiyt,1,Noah,1,Schwartz,1,Abbas,1,Sedigheh,1,Mahin,1,Ebrahimi,1,Yusuf,1,Şerife,1,Ilhan,1,Aslan,1
Yasir,1,Nabila,1,Deneb,1,Jaziri,1,Yisrael,1,Yelena,1,Eden,1,David,1,Morteza,1,Samira,1,Peyman,1,Sadeghi,1,Abdullah,1,Dilek,1,Ihsan,1,Çetin,1
Ara,1,Nashwa,1,Duha,1,Wahid,1,Meiyr,1,Irina,1,Gal,1,Azulay,1,Ebrahim,1,Fariba,1,Batol,1,Abbasi,1,Süleyman,1,Aysel,1,Irfan,1,Kara,1
Jed,1,Nawra,1,Elam,1,Yasin,1,Mardkhay,1,Malkah,1,Hen,1,Malkah,1,Mostafa,1,Farzaneh,1,Gol,1,Gholami,1,Fatih,1,Fadime,1,Nuri,1,Koç,1
Kanan,1,Niesha,1,Gulzar,1,Dawoud,1,Shimon,1,Karen,1,Shahar,1,Zoabi,1,Javad,1,Mahboubeh,1,Behzad,1,Akbari,1,Mahmut,1,Leyla,1,Zafer,1,Kurt,1
Eyad,1,Nura,1,Hikmat,1,Shariq,1,Yhudah,1,Anat,1,Meriy,1,Jabarin,1,Mahmoud,1,Nasrin,1,Mahsa,1,Asadi,1,Recep,1,Zehra,1,Özcan,1,Özkan,1
Vega,1,Oma,1,Ishtar,1,Ghulam,1,Amiyr,1,Deborah,1,Tomer,1,Weiss,1,Mohammad Reza,1,Mina,1,Mehran,1,Zare,1,Hakan,1,Hacer,1,Cihan,1,Acar,1
Zinedine,1,Qadira,1,Jahlia,1,Ramzan,1,Roy,1,Iylanah,1,Rony,1,Gaby,1,Mojtaba,1,Mahnaz,1,Kazem,1,Mahmoudi,1,Adem,1,Hanife,1,Hilal,1,Polat,1
Yusuf,1,Rihanna,1,Khayrat,1,Al-Amin,1,Mahmood,1,Eleh,1,Ariyel,1,Shapiro,1,Hadi,1,Sarah,1,Isa,1,Ghorbani,1,Metin,1,Havva,1,Tuncay,1,Şimşek,1
Ali,1,Sabah,1,Lunis,1,Al-Harbi,1,Raphael,1,Fatma,1,Yafeh,1,Chided,1,Masoud,1,Fereshteh,1,Ramin,1,Bagheri,1,Kemal,1,Songül,1,Nimet,1,Korkmaz,1
Khalil,1,Sahar,1,Malak,1,Bashar,1,Guy,1,Tatiana,1,Rinah,1,Ohayon,1,Vahid,1,Razieh,1,Marjan,1,Amiri,1,Kadir,1,Esra,1,Fikret,1,Özcan,1
Yahir,1,Shakira,1,Nazar,1,Taleb,1,Binyamiyn,1,Mazal,1,Oren,1,Reuben,1,Esmaeil,1,Mazal,1,Nemat,1,Kazemi,1,Salih,1,Aynur,1,Muammer,1,Erdoğan,1
Zavier,1,Takisha,1,Youssef,1,Al-Fasih,1,Tzviy,1,Olga,1,Simchah,1,Lavyan,1,Akbar,1,Tayebeh,1,Shahin,1,Zarei,1,Orhan,1,Zeliha,1,Reyhan,1,Çakir,1
Barack,1,Thana,1,Rahat,1,Al-Najjar,1,Eyal,1,Hilah,1,Ron,1,Mahagna,1,Hamed,1,Farideh,1,Nusrat,1,Haji,1,Serkan,1,Merve,1,Nevzat,1,Yavuz,1
Kahlil,1,Yadira,1,Sabri,1,Khalid,1,Abed,1,Zipora,1,Idan,1,Masarweh,1,Nasser,1,Afsaneh,1,Yaqoub,1,Hashemi,1,Gökhan,1,Filiz,1,Ersin,1,Can,1
Amael,1,Zahra,1,Shahnaz,1,Maloof,1,Shalom,1,Diynah,1,Rotem,1,Vaknin,1,Davood,1,Sahar,1,Bey,1,Nouri,1,Bayram,1,Melek,1,Suat,1,Şen,1
Osman,1,Zaina,1,Taifa,1,Nahdi,1,Boris,1,Shiyrah,1,Ronen,1,Khatib,1,Gholam Reza,1,Elaheh,1,Ezzat,1,Yousefi,1,Uğur,1,Cemile,1,Sati,1,Yalçın,1
